,Column,Quality_Rule,Failure_Threshold,Action,Owner,Escalation
0,order_id,Required and unique,0 violations,Reject duplicate/missing records and investigate,Sales Operations Manager,Escalate to Data Owner
1,order_date,Required ISO date between 2025-01-01 and today,0 violations,Correct invalid dates and investigate missing dates,Sales Operations Manager,Escalate to Data Owner
2,customer_segment,"Student, Fresher or Professional after normalization",0 violations,Normalize values and investigate invalid values,Sales Operations Manager,Escalate to Data Owner
3,city,Required non-empty text,0 violations,Investigate and correct missing/blank city,Sales Operations Manager,Escalate to Data Owner
4,category,"Learning Kit, Course Access or Mentor Session",0 violations,Correct invalid category values,Sales Operations Manager,Escalate to Data Owner
5,quantity,Whole number greater than zero,0 violations,Reject or correct invalid quantities,Sales Operations Manager,Escalate to Data Owner
6,unit_price,Non-negative INR amount,0 violations,Correct negative prices,Sales Operations Manager,Escalate to Data Owner
7,discount_pct,Between 0 and 100; missing means zero only after justification,0 violations,Investigate invalid discounts; justify missing values,Sales Operations Manager,Escalate to Data Owner
8,payment_status,"Paid, Pending, Failed or Refunded after normalization",0 violations,Normalize values and investigate invalid values,Sales Operations Manager,Escalate to Data Owner
